[
  {
    "author": "Agatha Christie",
    "book": "",
    "quote": "I like living. I have sometimes been wildly, despairingly, acutely miserable, racked with sorrow; but through it all I still know quite certainly that just to be alive is a grand thing."
  },
  {
    "author": "Agatha Christie",
    "book": "Agatha Christie: An Autobiography",
    "quote": "It is a curious thought, but it is only when you see people looking ridiculous that you realize just how much you love them. "
  },
  {
    "author": "Agatha Christie",
    "book": "The Man in the Mist",
    "quote": "Very few of us are what we seem."
  },
  {
    "author": "Agatha Christie",
    "book": "Murder on the Orient Express",
    "quote": "The impossible could not have happened, therefore the impossible must be possible in spite of appearances."
  },
  {
    "author": "Agatha Christie",
    "book": "Peril at End House",
    "quote": "Poirot,\" I said. \"I have been thinking.\"\"An admirable exercise my friend. Continue it."
  },
  {
    "author": "Agatha Christie",
    "book": "The Hound of Death and Other Stories",
    "quote": "A mother's love for her child is like nothing else in the world. It knows no law, no pity. It dares all things and crushes down remorselessly all that stands in its path. -The Last Seance (from The Hound of Death and Other Stories, also Double Sin and Other Stories)"
  },
  {
    "author": "Agatha Christie",
    "book": "",
    "quote": "An archaeologist is the best husband a woman can have. The older she gets, the more interested he is in her."
  },
  {
    "author": "Agatha Christie",
    "book": "And Then There Were None",
    "quote": "Ten little Indian boys went out to dine; One choked his little self and then there were nine.Nine little Indian boys sat up very late; One overslept himself and then there were eight.Eight little Indian boys travelling in Devon; One said he'd stay there and then there were seven.Seven little Indian boys chopping up sticks; One chopped himself in halves and then there were six. Six little Indian boys playing with a hive; A bumblebee stung one and then there were five.Five little Indian boys going in for law; One got in Chancery and then there were four.Four little Indian boys going out to sea; A red herring swallowed one and then there were three. Three little Indian boys walking in the Zoo; A big bear hugged one and then there were two.Two little Indian boys sitting in the sun; One got frizzled up and then there was one.One little Indian boy left all alone; He went and hanged himself and then there were none."
  },
  {
    "author": "Agatha Christie",
    "book": "The Mysterious Affair at Styles",
    "quote": "Instinct is a marvelous thing. It can neither be explained nor ignored."
  },
  {
    "author": "Agatha Christie",
    "book": "",
    "quote": "If you place your head in a lion's mouth, then you cannot complain one day if he happens to bite it off."
  },
  {
    "author": "Agatha Christie",
    "book": "The Mysterious Affair at Styles",
    "quote": "You gave too much rein to your imagination. Imagination is a good servant, and a bad master. The simplest explanation is always the most likely."
  },
  {
    "author": "Agatha Christie",
    "book": "",
    "quote": "The best time for planning a book is while you're doing the dishes. "
  },
  {
    "author": "Agatha Christie",
    "book": "",
    "quote": "One doesn't recognize the really important moments in one's life until it's too late."
  },
  {
    "author": "Agatha Christie",
    "book": "The Labours of Hercules",
    "quote": "Never do anything yourself that others can do for you."
  },
  {
    "author": "Agatha Christie",
    "book": "The Man in the Brown Suit",
    "quote": "It is really a hard life. Men will not be nice to you if you are not good-looking, and women will not be nice to you if you are."
  },
  {
    "author": "Agatha Christie",
    "book": "The Secret Adversary",
    "quote": "Never tell all you know—not even to the person you know best."
  },
  {
    "author": "Agatha Christie",
    "book": "",
    "quote": "One of the saddest things in life, is the things one remembers."
  },
  {
    "author": "Agatha Christie",
    "book": "Murder at the Vicarage",
    "quote": "The young people think the old people are fools -- but the old people know the young people are fools."
  },
  {
    "author": "Agatha Christie",
    "book": "And Then There Were None",
    "quote": "In the midst of life, we are in death."
  },
  {
    "author": "Agatha Christie",
    "book": "The Murder of Roger Ackroyd",
    "quote": "The truth, however ugly in itself, is always curious and beautiful to seekers after it."
  },
  {
    "author": "Agatha Christie",
    "book": "",
    "quote": "Time is the best killer."
  },
  {
    "author": "Agatha Christie",
    "book": "Murder in Mesopotamia",
    "quote": "As a matter of fact it wouldn’t be safe to tell any man the truth about his wife! Funnily enough, I’d trust most women with the truth about their husbands. Women can accept the fact that a man is a rotter, a swindler, a drug taker, a confirmed liar, and a general swine, without batting an eyelash, and without its impairing their affection for the brute in the least. Women are wonderful realists."
  },
  {
    "author": "Agatha Christie",
    "book": "The Mirror Crack'd from Side to Side",
    "quote": "Why shouldn't I hate her? She did the worst thing to me that anyone can do to anyone else. Let them believe that they're loved and wanted and then show them that it's all a sham."
  },
  {
    "author": "Agatha Christie",
    "book": "Agatha Christie: An Autobiography",
    "quote": "But surely for everything you love you have to pay some price."
  },
  {
    "author": "Agatha Christie",
    "book": "The Clocks",
    "quote": "It is clear that the books owned the shop rather than the other way about. Everywhere they had run wild and taken possession of their habitat, breeding and multiplying, and clearly lacking any strong hand to keep them down."
  },
  {
    "author": "Agatha Christie",
    "book": "",
    "quote": "Good advice is always certain to be ignored, but that's no reason not to give it."
  },
  {
    "author": "Agatha Christie",
    "book": "The Mysterious Affair at Styles",
    "quote": "Everything must be taken into account. If the fact will not fit the theory---let the theory go."
  },
  {
    "author": "Agatha Christie",
    "book": "And Then There Were None",
    "quote": "But no artist, I now realize, can be satisfied with art alone. There is a natural craving for recognition which cannot be gain-said."
  },
  {
    "author": "Agatha Christie",
    "book": "Hallowe'en Party",
    "quote": "I know there's a proverb which that says 'To err is human,' but a human error is nothing to what a computer can do if it tries."
  },
  {
    "author": "Agatha Christie",
    "book": "Agatha Christie: An Autobiography",
    "quote": "I don't think necessity is the mother of invention. Invention . . . arises directly from idleness, possibly also from laziness. To save oneself trouble."
  }
]