[
  {
    "author": "Arthur Schopenhauer",
    "book": "",
    "quote": "Talent hits a target no one else can hit. Genius hits a target no one else can see."
  },
  {
    "author": "Arthur Schopenhauer",
    "book": "",
    "quote": "Compassion is the basis of morality."
  },
  {
    "author": "Arthur Schopenhauer",
    "book": "Essays and Aphorisms",
    "quote": "A man can be himself only so long as he is alone; and if he does not love solitude, he will not love freedom; for it is only when he is alone that he is really free."
  },
  {
    "author": "Arthur Schopenhauer",
    "book": "Parerga and Paralipomena",
    "quote": "Mostly it is loss which teaches us about the worth of things."
  },
  {
    "author": "Arthur Schopenhauer ",
    "book": "Studies in Pessimism: The Essays",
    "quote": "Every man takes the limits of his own field of vision for the limits of the world."
  },
  {
    "author": "Arthur Schopenhauer",
    "book": "The Basis of Morality",
    "quote": "The assumption that animals are without rights and the illusion that our treatment of them has no moral significance is a positively outrageous example of Western crudity and barbarity. Universal compassion is the only guarantee of morality."
  },
  {
    "author": "Arthur Schopenhauer",
    "book": "",
    "quote": "It is difficult to find happiness within oneself, but it is impossible to find it anywhere else."
  },
  {
    "author": "Arthur Schopenhauer",
    "book": "Religion: A Dialogue and Other Essays",
    "quote": "The person who writes for fools is always sure of a large audience."
  },
  {
    "author": "Arthur Schopenhauer",
    "book": "",
    "quote": "Happiness consists in frequent repetition of pleasure"
  },
  {
    "author": "Arthur Schopenhauer",
    "book": "",
    "quote": "They tell us that Suicide is the greatest piece of Cowardice... That Suicide is wrong; when it is quite obvious that there is nothing in this world to which every man has a more unassailable title than to his own life and person."
  },
  {
    "author": "Arthur Schopenhauer",
    "book": "Essays and Aphorisms",
    "quote": "Every miserable fool who has nothing at all of which he can be proud, adopts as a last resource pride in the nation to which he belongs; he is ready and happy to defend all its faults and follies tooth and nail, thus reimbursing himself for his own inferiority."
  },
  {
    "author": "Arthur Schopenhauer",
    "book": "",
    "quote": "One should use common words to say uncommon things"
  },
  {
    "author": "Arthur Schopenhauer",
    "book": "The Basis of Morality",
    "quote": "Compassion for animals is intimately associated with goodness of character, and it may be confidently asserted that he who is cruel to animals cannot be a good man."
  },
  {
    "author": "Arthur Schopenhauer",
    "book": "Essays and Aphorisms",
    "quote": "Der Mensch kann tun was er will; er kann aber nicht wollen was er will.Man can do what he wills but he cannot will what he wills."
  },
  {
    "author": "arthur schopenhauer",
    "book": "Essays and Aphorisms",
    "quote": "When we read, another person thinks for us: we merely repeat his mental process. In learning to write, the pupil goes over with his pen what the teacher has outlined in pencil: so in reading; the greater part of the work of thought is already done for us. This is why it relieves us to take up a book after being occupied with our own thoughts. And in reading, the mind is, in fact, only the playground of another’s thoughts. So it comes about that if anyone spends almost the whole day in reading, and by way of relaxation devotes the intervals to some thoughtless pastime, he gradually loses the capacity for thinking; just as the man who always rides, at last forgets how to walk. This is the case with many learned persons: they have read themselves stupid."
  },
  {
    "author": "Arthur Schopenhauer",
    "book": "Essays and Aphorisms",
    "quote": "The art of not reading is a very important one. It consists in not taking an interest in whatever may be engaging the attention of the general public at any particular time. When some political or ecclesiastical pamphlet, or novel, or poem is making a great commotion, you should remember that he who writes for fools always finds a large public. A precondition for reading good books is not reading bad ones: for life is short."
  },
  {
    "author": "Arthur Schopenhauer",
    "book": "",
    "quote": "Life is a constant process of dying."
  },
  {
    "author": "Arthur Schopenhauer",
    "book": "",
    "quote": "... that when you're buying books, you're optimistically thinking you're buying the time to read them.(Paraphrase of Schopenhauer)"
  },
  {
    "author": "Arthur Schopenhauer",
    "book": "The Wisdom of Life and Counsels and Maxims",
    "quote": "A high degree of intellect tends to make a man unsocial."
  },
  {
    "author": "Arthur Schopenhauer",
    "book": "",
    "quote": "A sense of humour is the only divine quality of man"
  },
  {
    "author": "Arthur Schopenhauer",
    "book": "",
    "quote": "We forfeit three-fourths of ourselves in order to be like other people."
  },
  {
    "author": "Schopenhauer Arthur",
    "book": "The Philosophy of Schopenhauer",
    "quote": "We will gradually become indifferent to what goes on in the minds of other people when we acquire a knowledge of the superficial nature of their thoughts, the narrowness of their views and of the number of their errors. Whoever attaches a lot of value to the opinions of others pays them too much honor."
  },
  {
    "author": "Arthur Schopenhauer",
    "book": "Studies in Pessimism: The Essays",
    "quote": "If children were brought into the world by an act of pure reason alone, would the human race continue to exist? Would not a man rather have so much sympathy with the coming generation as to spare it the burden of existence, or at any rate not take it upon himself to impose that burden upon it in cold blood?"
  },
  {
    "author": "Arthur Schopenhauer",
    "book": "The Wisdom of Life and Counsels and Maxims",
    "quote": "It is a wise thing to be polite; consequently, it is a stupid thing to be rude. To make enemies by unnecessary and willful incivility, is just as insane a proceeding as to set your house on fire. For politeness is like a counter--an avowedly false coin, with which it is foolish to be stingy."
  },
  {
    "author": "Arthur Schopenhauer",
    "book": "",
    "quote": "What disturbs and depresses young people is the hunt for happiness on the firm assumption that it must be met with in life. From this arises constantly deluded hope and so also dissatisfaction. Deceptive images of a vague happiness hover before us in our dreams, and we search in vain for their original. Much would have been gained if, through timely advice and instruction, young people could have had eradicated from their minds the erroneous notion that the world has a great deal to offer them."
  },
  {
    "author": "Arthur Schopenhauer",
    "book": "",
    "quote": "It would be better if there were nothing. Since there is more pain than pleasure on earth, every satisfaction is only transitory, creating new desires and new distresses, and the agony of the devoured animal is always far greater than the pleasure of the devourer"
  },
  {
    "author": "Arthur Schopenhauer",
    "book": "",
    "quote": "Treat a work of art like a prince: let it speak to you first."
  },
  {
    "author": "Arthur Schopenhauer",
    "book": "",
    "quote": "Religion is the masterpiece of the art of animal training, for it trains people as to how they shall think. "
  },
  {
    "author": "Arthur Schopenhauer",
    "book": "",
    "quote": "Great men are like eagles, and build their nest on some lofty solitude"
  },
  {
    "author": "Arthur Schopenhauer",
    "book": "",
    "quote": "The cheapest sort of pride is national pride; for if a man is proud of his own nation, it argues that he has no qualities of his own of which he can be proud; otherwise he would not have recourse to those which he shares with so many millions of his fellowmen. The man who is endowed with important personal qualities will be only too ready to see clearly in what respects his own nation falls short, since their failings will be constantly before his eyes. But every miserable fool who has nothing at all of which he can be proud adopts, as a last resource, pride in the nation to which he belongs; he is ready and glad to defend all its faults and follies tooth and nail, thus reimbursing himself for his own inferiority."
  }
]