[
  {
    "author": "Edgar Allan Poe",
    "book": "",
    "quote": "I became insane, with long intervals of horrible sanity."
  },
  {
    "author": "Edgar Allan Poe",
    "book": "",
    "quote": "All that we see or seem is but a dream within a dream."
  },
  {
    "author": "Edgar Allan Poe",
    "book": "Eleonora",
    "quote": "Those who dream by day are cognizant of many things which escape those who dream only by night."
  },
  {
    "author": "Edgar Allan Poe",
    "book": "Marginalia",
    "quote": "I have great faith in fools - self-confidence my friends will call it."
  },
  {
    "author": "Edgar Allan Poe",
    "book": "",
    "quote": "I was never really insane except upon occasions when my heart was touched."
  },
  {
    "author": "Edgar Allan Poe",
    "book": "",
    "quote": "There is no exquisite beauty… without some strangeness in the proportion."
  },
  {
    "author": "Edgar Allan Poe",
    "book": "",
    "quote": "I have absolutely no pleasure in the stimulants in which I sometimes so madly indulge. It has not been in the pursuit of pleasure that I have periled life and reputation and reason. It has been the desperate attempt to escape from torturing memories, from a sense of insupportable loneliness and a dread of some strange impending doom."
  },
  {
    "author": "Edgar Allan Poe",
    "book": "",
    "quote": "Believe nothing you hear, and only one half that you see."
  },
  {
    "author": "Edgar Allan Poe",
    "book": "The Raven",
    "quote": "Once upon a midnight dreary, while I pondered, weak and weary,Over many a quaint and curious volume of forgotten lore,While I nodded, nearly napping, suddenly there came a tapping,As of some one gently rapping, rapping at my chamber door.Tis some visitor, I muttered, tapping at my chamber door — Only this, and nothing more.Ah, distinctly I remember it was in the bleak December,And each separate dying ember wrought its ghost upon the floor.Eagerly I wished the morrow; — vainly I had sought to borrowFrom my books surcease of sorrow — sorrow for the lost Lenore —For the rare and radiant maiden whom the angels name Lenore — Nameless here for evermore.And the silken sad uncertain rustling of each purple curtainThrilled me — filled me with fantastic terrors never felt before;So that now, to still the beating of my heart, I stood repeating,Tis some visitor entreating entrance at my chamber door —Some late visitor entreating entrance at my chamber door; — This it is, and nothing more.Presently my soul grew stronger; hesitating then no longer,Sir, said I, or Madam, truly your forgiveness I implore;But the fact is I was napping, and so gently you came rapping,And so faintly you came tapping, tapping at my chamber door,That I scarce was sure I heard you— here I opened wide the door; — Darkness there, and nothing more.Deep into that darkness peering, long I stood there wondering, fearing,Doubting, dreaming dreams no mortals ever dared to dream before;But the silence was unbroken, and the stillness gave no token,And the only word there spoken was the whispered word, Lenore?This I whispered, and an echo murmured back the word, Lenore! — Merely this, and nothing more.Back into the chamber turning, all my soul within me burning,Soon again I heard a tapping somewhat louder than before.Surely, said I, surely that is something at my window lattice:Let me see, then, what thereat is, and this mystery explore —Let my heart be still a moment and this mystery explore; — 'Tis the wind and nothing more.Open here I flung the shutter, when, with many a flirt and flutter,In there stepped a stately raven of the saintly days of yore;Not the least obeisance made he; not a minute stopped or stayed he;But, with mien of lord or lady, perched above my chamber door —Perched upon a bust of Pallas just above my chamber door — Perched, and sat, and nothing more.Then this ebony bird beguiling my sad fancy into smiling,By the grave and stern decorum of the countenance it wore.Though thy crest be shorn and shaven, thou, I said, art sure no craven,Ghastly grim and ancient raven wandering from the Nightly shore —Tell me what thy lordly name is on the Night's Plutonian shore! Quoth the Raven, Nevermore.Much I marveled this ungainly fowl to hear discourse so plainly,Though its answer little meaning— little relevancy bore;For we cannot help agreeing that no living human beingEver yet was blest with seeing bird above his chamber door —Bird or beast upon the sculptured bust above his chamber door, With such name as Nevermore."
  },
  {
    "author": "Edgar Allan Poe",
    "book": "",
    "quote": "From childhood's hour I have not been. As others were, I have not seen. As others saw, I could not awaken. My heart to joy at the same tone. And all I loved, I loved alone."
  },
  {
    "author": "Edgar Allan Poe",
    "book": "",
    "quote": "Sleep, those little slices of death — how I loathe them."
  },
  {
    "author": "Edgar Allan Poe",
    "book": "The Complete Stories and Poems",
    "quote": "Years of love have been forgot, In the hatred of a minute."
  },
  {
    "author": "Edgar Allan Poe",
    "book": "",
    "quote": "Never to suffer would never to have been blessed."
  },
  {
    "author": "Edgar Allan Poe",
    "book": "",
    "quote": "All religion, my friend, is simply evolved out of fraud, fear, greed, imagination, and poetry."
  },
  {
    "author": "Neil Gaiman",
    "book": "American Gods",
    "quote": "Hey, said Shadow. Huginn or Muninn, or whoever you are. The bird turned, head tipped, suspiciously, on one side, and it stared at him with bright eyes.Say 'Nevermore,' said Shadow.Fuck you, said the raven."
  },
  {
    "author": "Edgar Allan Poe",
    "book": "The Complete Tales and Poems of Edgar Allan Poe",
    "quote": "Men have called me mad; but the question is not yet settled, whether madness is or is not the loftiest intelligence– whether much that is glorious– whether all that is profound– does not spring from disease of thought– from moods of mind exalted at the expense of the general intellect."
  },
  {
    "author": "Poe",
    "book": "",
    "quote": "Sometimes I’m terrified of my heart; of its constant hunger for whatever it is it wants. The way it stops and starts."
  },
  {
    "author": "Edgar Allan Poe",
    "book": "",
    "quote": "If you wish to forget anything on the spot, make a note that this thing is to be remembered."
  },
  {
    "author": "Edgar Allan Poe",
    "book": "",
    "quote": "I wish I could write as mysterious as a cat."
  },
  {
    "author": "Edgar Allan Poe",
    "book": "",
    "quote": "Deep in earth my love is lyingAnd I must weep alone."
  },
  {
    "author": "Edgar Allan Poe",
    "book": "",
    "quote": "And so being young and dipped in folly I fell in love with melancholy."
  },
  {
    "author": "Edgar Allan Poe",
    "book": "",
    "quote": "I felt that I breathed an atmosphere of sorrow."
  },
  {
    "author": "Edgar Allan Poe",
    "book": "",
    "quote": "It is by no means an irrational fancy that, in a future existence, we shall look upon what we think our present existence, as a dream."
  },
  {
    "author": "Edgar Allan Poe",
    "book": "",
    "quote": "Beauty of whatever kind, in its supreme development, invariably excites the sensitive soul to tears."
  },
  {
    "author": "Edgar Allan Poe",
    "book": "",
    "quote": "I have no faith in human perfectibility. I think that human exertion will have no appreciable effect upon humanity. Man is now only more active - not more happy - nor more wise, than he was 6000 years ago."
  },
  {
    "author": "Edgar Allan Poe",
    "book": "The Raven",
    "quote": "Deep into that darkness peering, long I stood there, wondering, fearing, doubting, dreaming dreams no mortal ever dared to dream before."
  },
  {
    "author": "Edgar Allan Poe",
    "book": "Loss of Breath",
    "quote": "Invisible things are the only realities."
  },
  {
    "author": "Edgar Allan Poe",
    "book": "Marginalia",
    "quote": "The true genius shudders at incompleteness — imperfection — and usually prefers silence to saying the something which is not everything that should be said."
  },
  {
    "author": "Edgar Allan Poe",
    "book": "",
    "quote": "The death of a beautiful woman is, unquestionably, the most poetical topic in the world."
  },
  {
    "author": "Edgar Allan Poe",
    "book": "",
    "quote": "Science has not yet taught us if madness is or is not the sublimity of the intelligence."
  }
]