[
  {
    "author": "Emile Zola",
    "book": "",
    "quote": "Sin ought to be something exquisite, my dear boy."
  },
  {
    "author": "Emile Zola",
    "book": "",
    "quote": "I am little concerned with beauty or perfection. I don't care for the great centuries. All I care about is life, struggle, intensity."
  },
  {
    "author": "Emile Zola",
    "book": "Germinal",
    "quote": "Blow the candle out, I don't need to see what my thoughts look like."
  },
  {
    "author": "Emile Zola",
    "book": "",
    "quote": "There are two men inside the artist, the poet and the craftsman. One is born a poet. One becomes a craftsman."
  },
  {
    "author": "Émile Zola",
    "book": "",
    "quote": "When truth is buried underground it grows, it chokes, it gathers such an explosive force that on the day it bursts out, it blows up everything with it."
  },
  {
    "author": "Emile Zola",
    "book": "",
    "quote": "It is not I who am strong, it is reason, it is truth."
  },
  {
    "author": "Emile Zola",
    "book": "",
    "quote": "Art is a corner of creation seen through a temperament."
  },
  {
    "author": "Emile Zola",
    "book": "",
    "quote": "The fate of animals is of far greater importance to me than the fear of appearing ridiculous."
  },
  {
    "author": "Emile Zola",
    "book": "La Bête humaine",
    "quote": "Don't go looking at me like that because you'll wear your eyes out."
  },
  {
    "author": "Emile Zola",
    "book": "",
    "quote": "And then there are always clever people about to promise you that everything will be all right if only you put yourself out a bit... And you get carried away, you suffer so much from the things that exist that you ask for what can't ever exist. Now look at me, I was well away dreaming like a fool and seeing visions of a nice friendly life on good terms with everybody, and off I went, up into the clouds. And when you fall back into the mud it hurts a lot. No! None of it was true, none of those things we thought we could see existed at all. All that was really there was still more misery-- oh yes! as much of that as you like-- and bullets into the bargain!"
  },
  {
    "author": "Emile Zola",
    "book": "",
    "quote": "Je n'ai guère de souci de beauté ni de perfection... Je n'ai souci que de vie, de lutte, de fièvre."
  },
  {
    "author": "Emile Zola",
    "book": "The Ladies' Paradise",
    "quote": "Crever pour crever, je préfère crever de passion que de crever d'ennui !"
  },
  {
    "author": "Emile Zola",
    "book": "",
    "quote": "... Have you ever reflected that posterity may not be the faultless dispenser of justice that we dream of? One consoles oneself for being insulted and denied, by reyling on the equity of the centuries to come; just as the faithful endure all the abominations of this earth in the firm belief of another life, in which each will be rewarded according to his deserts. But suppose Paradise exists no more for the artist than it does for the Catholic, suppose that future generations prolong the misunderstanding and prefer amiable little trifles to vigorous works! Ah! What a sell it would be, eh? To have led a convict's life - to have screwed oneself down to one's work - all for a mere delusion!...\"Bah! What does it matter? Well, there's nothing hereafter. We are even madder than the fools who kill themselves for a woman. When the earth splits to pieces in space like a dry walnut, our works won't add one atom to its dust."
  },
  {
    "author": "Emile Zola",
    "book": "",
    "quote": "The day is not far off when one ordinary carrot may be pregnant with revolution."
  },
  {
    "author": "Emile Zola",
    "book": "",
    "quote": "Il n'y a rien comme l'amour pour donner du courage aux jeunes gens."
  },
  {
    "author": "Emile Zola",
    "book": "",
    "quote": "If something's just, I'll let myself be hacked to bits for it."
  },
  {
    "author": "Émile Zola",
    "book": "The Ladies' Paradise",
    "quote": "Very well, sir. A woman's opinion, however humble she may be, is always worth listening to, if she's got any sense...If you put yourself in my hands, I shall certainly make a decent man of you."
  },
  {
    "author": "Emile Zola",
    "book": "",
    "quote": "A god of kindness would be charitable to all. Your god of wrath and punishment is but a monstrous phantasy...It is not necessary that one should humble oneself to deserve assistance, it is sufficient that one should suffer."
  },
  {
    "author": "Emile Zola",
    "book": "L'Assommoir",
    "quote": "While the storm was erupting, she stayed, staring at it, watching the shafts of lightning, like someone who could see serious things, far away in the future in these sudden flashes of light."
  },
  {
    "author": "Emile Zola ",
    "book": "Nana",
    "quote": "She alone was left standing, amid the accumulated riches of her mansion, while a host of men lay stricken at her feet. Like those monsters of ancient times whose fearful domains were covered with skeletons, she rested her feet on human skulls and was surrounded by catastrophes...The fly that had come from the dungheap of the slums, carrying the ferment of social decay, had poisoned all these men simply by alighting on them. It was fitting and just. She had avenged the beggars and outcasts of her world. And while, as it were, her sex rose in a halo of glory and blazed down on her prostrate victims like a rising sun shining down on a field of carnage, she remained as unconscious of her actions as a splendid animal, ignorant of the havoc she had wreaked, and as good-natured as ever."
  },
  {
    "author": "Émile Zola",
    "book": "Germinal",
    "quote": "Men were springing up, a black avenging host was slowly germinating in the furrows, thrusting upward for the harvests of future ages. And very soon their germination would crack the earth asunder."
  },
  {
    "author": "Emile Zola",
    "book": "Germinal",
    "quote": "Şehirlerin her tarafını tutuşturun, milletleri yok edin, her şeyi silip süpürün ve şu çürümüş dünyada hiçbir eser bırakmayın; belki o zaman ortaya daha iyi bir dünya çıkar."
  },
  {
    "author": "Emile Zola",
    "book": "",
    "quote": "And that wreched creature without hands or feet, who had to be put to bed and fed like a child, that pitiable remnant of a man, whose almost vanished life was nothing more than one scream of pain, cried out in furious indignation: 'What a fool one must be to go and kill oneself!' \" - 'Joy of Life"
  },
  {
    "author": "Émile Zola",
    "book": "Delphi Complete Works of Emile Zola",
    "quote": "One morning she at last succeeded in helping him to the foot of the steps, trampling down the grass before him with her feet, and clearing a way for him through the briars, whose supple arms barred the last few yards. Then they slowly entered the wood of roses. It was indeed a very wood, with thickets of tall standard roses throwing out leafy clumps as big as trees, and enormous rose bushes impenetrable as copses of young oaks. Here, formerly, there had been a most marvellous collection of plants. But since the flower garden had been left in abandonment, everything had run wild, and a virgin forest had arisen, a forest of roses over-running the paths, crowded with wild offshoots, so mingled, so blended, that roses of every scent and hue seemed to blossom on the same stem. Creeping roses formed mossy carpets on the ground, while climbing roses clung to others like greedy ivy plants, and ascended in spindles of verdure, letting a shower of their loosened petals fall at the lightest breeze. Natural paths coursed through the wood — narrow footways, broad avenues, enchanting covered walks in which one strolled in the shade and scent. These led to glades and clearings, under bowers of small red roses, and between walls hung with tiny yellow ones. Some sunny nooks gleamed like green silken stuff embroidered with bright patterns; other shadier corners offered the seclusion of alcoves and an aroma of love, the balmy warmth, as it were, of a posy languishing on a woman’s bosom. The rose bushes had whispering voices too. And the rose bushes were full of songbirds’ nests. ‘We must take care not to lose ourselves,’ said Albine, as she entered the wood. ‘I did lose myself once, and the sun had set before I was able to free myself from the rose bushes which caught me by the skirt at every step.’ They had barely walked a few minutes, however, before Serge, worn out with fatigue, wished to sit down. He stretched himself upon the ground, and fell into deep slumber. Albine sat musing by his side. They were on the edge of a glade, near a narrow path which stretched away through the wood, streaked with flashes of sunlight, and, through a small round blue gap at its far end, revealed the sky. Other little paths led from the clearing into leafy recesses. The glade was formed of tall rose bushes rising one above the other with such a wealth of branches, such a tangle of thorny shoots, that big patches of foliage were caught aloft, and hung there tent-like, stretching out from bush to bush. Through the tiny apertures in the patches of leaves, which were suggestive of fine lace, the light"
  },
  {
    "author": "Émile Zola",
    "book": "Delphi Complete Works of Emile Zola",
    "quote": "As he talked a good deal, had seen active service, and was naturally regarded as a man of energy and spirit, he was much sought after and listened to by simpletons."
  },
  {
    "author": "Emil Zola",
    "book": "",
    "quote": "„Ако накарате истината да замълчи, и я погребете дълбоко под земята, тя ще поникне, набрала такава експлозивна сила, че ще помете всичко по пътя си.“ —"
  },
  {
    "author": "Emile Zola",
    "book": "",
    "quote": "Angelique, with both hands open, lying limply on her knees, was giving herself. And Felicien remembered the evening on which she had run barefoot through the grass, so adorable that he had pursued her, and whispered in her ear, \"I love you\". And he understood full well that only now had she replied, with the same cry, \"I love you.\" And he understood full well that only now had she replied, with the same cry, \"I love you\", the eternal cry that had finally emerged from her wide-open heart. \"I love you... Take me, carry me away, I am yours."
  },
  {
    "author": "Emile Zola",
    "book": "",
    "quote": "Well then! it was the end; his ruin was complete. Even if he mended the cables and lit the fires, where would he find men? Another fortnight's strike and he would be bankrupt. And in this certainty of disaster he no longer felt any hatred of the Montsou bandits; he felt that all had a hand in it, that it was a general agelong fault. They were brutes, no doubt, but brutes who could not read, and who were dying of hunger."
  },
  {
    "author": "Charles Bernheimer",
    "book": "",
    "quote": "For Zola, as for Huysmans, nature itself is uncanny because it is the domain of the feminine, a domain that is constitutionally defective, lacking, even pathological."
  },
  {
    "author": "Stephanie Perkins",
    "book": "Anna and the French Kiss",
    "quote": "Emily Zola.That's only the second woman I've seen down here. What's up with that?\"But before St. Clair can answer, the grating voice says, \"It's Emile.\" We turn around to find a smug guy in a Euro Disney sweatshirt. \"Emile Zola is a man.\"My face burns. I reach for St. Clair's arm to pull us away again,but St. Clair is already in his face. \"Emile Zola was a man,\" he corrects. \"And you're an arse. Why don't you mind your own bloody business and leave her alone!"
  }
]