[
  {
    "author": "Ernest Hemingway",
    "book": "",
    "quote": "There is no friend as loyal as a book."
  },
  {
    "author": "Ernest Hemingway",
    "book": "",
    "quote": "There is nothing to writing. All you do is sit down at a typewriter and bleed."
  },
  {
    "author": "Ernest Hemingway",
    "book": "The Garden of Eden",
    "quote": "Happiness in intelligent people is the rarest thing I know."
  },
  {
    "author": "Ernest Hemingway",
    "book": "",
    "quote": "I love sleep. My life has the tendency to fall apart when I'm awake, you know?"
  },
  {
    "author": "Ernest Hemingway",
    "book": "Men Without Women",
    "quote": "The most painful thing is losing yourself in the process of loving someone too much, and forgetting that you are special too."
  },
  {
    "author": "Ernest Hemingway",
    "book": "",
    "quote": "There is nothing noble in being superior to your fellow man; true nobility is being superior to your former self."
  },
  {
    "author": "Ernest Hemingway",
    "book": "",
    "quote": "The best way to find out if you can trust somebody is to trust them."
  },
  {
    "author": "Ernest Hemingway",
    "book": "",
    "quote": "Always do sober what you said you'd do drunk. That will teach you to keep your mouth shut."
  },
  {
    "author": "Ernest Hemingway",
    "book": "",
    "quote": "The first draft of anything is shit."
  },
  {
    "author": "Ernest Hemingway",
    "book": "",
    "quote": "All you have to do is write one true sentence. Write the truest sentence that you know."
  },
  {
    "author": "Ernest Hemingway",
    "book": "",
    "quote": "The world breaks everyone, and afterward, many are strong at the broken places."
  },
  {
    "author": "Ernest Hemingway",
    "book": "A Farewell to Arms",
    "quote": "Maybe...you'll fall in love with me all over again.\"\"Hell,\" I said, \"I love you enough now. What do you want to do? Ruin me?\"\"Yes. I want to ruin you.\"\"Good,\" I said. \"That's what I want too."
  },
  {
    "author": "Hemingway Ernest",
    "book": "",
    "quote": "I drink to make other people more interesting."
  },
  {
    "author": "Ernest Hemingway",
    "book": "",
    "quote": "When people talk, listen completely. Most people never listen."
  },
  {
    "author": "Ernest Hemingway",
    "book": "The Old Man and the Sea",
    "quote": "Every day is a new day. It is better to be lucky. But I would rather be exact. Then when luck comes you are ready."
  },
  {
    "author": "Ernest Hemingway",
    "book": "",
    "quote": "All good books are alike in that they are truer than if they had really happened and after you are finished reading one you will feel that all that happened to you and afterwards it all belongs to you: the good and the bad, the ecstasy, the remorse and sorrow, the people and the places and how the weather was. If you can get so that you can give that to people, then you are a writer."
  },
  {
    "author": "Ernest Hemingway",
    "book": "A Farewell to Arms",
    "quote": "All thinking men are atheists."
  },
  {
    "author": "Martha Gellhorn",
    "book": "Selected Letters",
    "quote": "I know enough to know that no woman should ever marry a man who hated his mother."
  },
  {
    "author": "Ernest Hemingway",
    "book": "A Farewell to Arms",
    "quote": "If people bring so much courage to this world the world has to kill them to break them, so of course it kills them. The world breaks every one and afterward many are strong at the broken places. But those that will not break it kills. It kills the very good and the very gentle and the very brave impartially. If you are none of these you can be sure it will kill you too but there will be no special hurry."
  },
  {
    "author": "ernest hemingway",
    "book": "",
    "quote": "Courage is grace under pressure."
  },
  {
    "author": "Ernest Hemingway",
    "book": "Ernest Hemingway: A Literary Reference",
    "quote": "Never think that war, no matter how necessary, nor how justified, is not a crime."
  },
  {
    "author": "Ernest Hemingway",
    "book": "The Old Man and the Sea",
    "quote": "But man is not made for defeat,\" he said. \"A man can be destroyed but not defeated."
  },
  {
    "author": "Ernest Hemingway",
    "book": "A Moveable Feast",
    "quote": "You expected to be sad in the fall. Part of you died each year when the leaves fell from the trees and their branches were bare against the wind and the cold, wintery light. But you knew there would always be the spring, as you knew the river would flow again after it was frozen. When the cold rains kept on and killed the spring, it was as though a young person died for no reason."
  },
  {
    "author": "Ernest Hemingway",
    "book": "The Sun Also Rises",
    "quote": "you can't get away from yourself by moving from one place to another."
  },
  {
    "author": "Ernest Hemingway",
    "book": "",
    "quote": "Every man's life ends the same way. It is only the details of how he lived and how he died that distinguish one man from another."
  },
  {
    "author": "Ernest Hemingway",
    "book": "",
    "quote": "The best people possess a feeling for beauty, the courage to take risks, the discipline to tell the truth, the capacity for sacrifice. Ironically, their virtues make them vulnerable; they are often wounded, sometimes destroyed."
  },
  {
    "author": "Ernest Hemingway",
    "book": "",
    "quote": "Never confuse movement with action."
  },
  {
    "author": "Ernest Hemingway",
    "book": "",
    "quote": "A cat has absolute emotional honesty: human beings, for one reason or another, may hide their feelings, but a cat does not."
  },
  {
    "author": "Ernest Hemingway",
    "book": "A Farewell to Arms",
    "quote": "The world breaks every one and afterward many are strong at the broken places."
  },
  {
    "author": "Ernest Hemingway",
    "book": "",
    "quote": "As a writer, you should not judge, you should understand."
  }
]