[
  {
    "author": "Friedrich Nietzsche",
    "book": "Twilight of the Idols",
    "quote": "Without music, life would be a mistake."
  },
  {
    "author": "Friedrich Nietzsche",
    "book": "",
    "quote": "It is not a lack of love, but a lack of friendship that makes unhappy marriages."
  },
  {
    "author": "Friedrich Nietzsche",
    "book": "",
    "quote": "That which does not kill us makes us stronger."
  },
  {
    "author": "Friedrich Nietzsche",
    "book": "",
    "quote": "I'm not upset that you lied to me, I'm upset that from now on I can't believe you."
  },
  {
    "author": "Friedrich Nietzsche",
    "book": "",
    "quote": "And those who were seen dancing were thought to be insane by those who could not hear the music."
  },
  {
    "author": "Friedrich Nietzsche",
    "book": "",
    "quote": "It is hard enough to remember my opinions, without also remembering my reasons for them!"
  },
  {
    "author": "Friedrich Nietzsche",
    "book": "",
    "quote": "Whoever fights monsters should see to it that in the process he does not become a monster. And if you gaze long enough into an abyss, the abyss will gaze back into you."
  },
  {
    "author": "Friedrich Nietzsche",
    "book": "",
    "quote": "There is always some madness in love. But there is also always some reason in madness."
  },
  {
    "author": "Friedrich Nietzsche",
    "book": "",
    "quote": "You must have chaos within you to give birth to a dancing star."
  },
  {
    "author": "Friedrich Wilhelm Nietzsche",
    "book": "",
    "quote": "You have your way. I have my way. As for the right way, the correct way, and the only way, it does not exist."
  },
  {
    "author": "Friedrich Nietzsche",
    "book": "",
    "quote": "Sometimes people don't want to hear the truth because they don't want their illusions destroyed."
  },
  {
    "author": "Friedrich Nietzsche",
    "book": "",
    "quote": "He who has a why to live for can bear almost any how."
  },
  {
    "author": "Friedrich Nietzsche",
    "book": "",
    "quote": "In heaven, all the interesting people are missing."
  },
  {
    "author": "Friedrich Nietzsche",
    "book": "",
    "quote": "There are no facts, only interpretations."
  },
  {
    "author": "Friedrich Nietzsche",
    "book": "",
    "quote": "The man of knowledge must be able not only to love his enemies but also to hate his friends."
  },
  {
    "author": "Friedrich Nietzsche",
    "book": "",
    "quote": "The individual has always had to struggle to keep from being overwhelmed by the tribe. If you try it, you will be lonely often, and sometimes frightened. But no price is too high to pay for the privilege of owning yourself."
  },
  {
    "author": "Friedrich Nietzsche",
    "book": "",
    "quote": "When we are tired, we are attacked by ideas we conquered long ago."
  },
  {
    "author": "Friedrich Wilhelm Nietzsche",
    "book": "",
    "quote": "We should consider every day lost on which we have not danced at least once."
  },
  {
    "author": "Friedrich Nietzsche",
    "book": "",
    "quote": "I cannot believe in a God who wants to be praised all the time."
  },
  {
    "author": "Friedrich Nietzsche",
    "book": "",
    "quote": "The snake which cannot cast its skin has to die. As well the minds which are prevented from changing their opinions; they cease to be mind."
  },
  {
    "author": "Friedrich Nietzsche",
    "book": "",
    "quote": "In individuals, insanity is rare; but in groups, parties, nations and epochs, it is the rule."
  },
  {
    "author": "Friedrich Nietzsche",
    "book": "",
    "quote": "No one can construct for you the bridge upon which precisely you must cross the stream of life, no one but you yourself alone."
  },
  {
    "author": "Friedrich Nietzsche",
    "book": "",
    "quote": "Is man merely a mistake of God's? Or God merely a mistake of man?"
  },
  {
    "author": "Friedrich Nietzsche",
    "book": "",
    "quote": "The surest way to corrupt a youth is to instruct him to hold in higher esteem those who think alike than those who think differently."
  },
  {
    "author": "Friedrich Nietzsche",
    "book": "",
    "quote": "The advantage of a bad memory is that one enjoys several times the same good things for the first time."
  },
  {
    "author": "Friedrich Nietzsche",
    "book": "",
    "quote": "Man is the cruelest animal."
  },
  {
    "author": "Friedrich Nietzsche",
    "book": "Thus Spoke Zarathustra",
    "quote": "I am a forest, and a night of dark trees: but he who is not afraid of my darkness, will find banks full of roses under my cypresses."
  },
  {
    "author": "Friedrich Nietzsche",
    "book": "Thus Spoke Zarathustra",
    "quote": "The higher we soar the smaller we appear to those who cannot fly."
  },
  {
    "author": "Friedrich Nietzsche",
    "book": "",
    "quote": "Thoughts are the shadows of our feelings -- always darker, emptier and simpler."
  },
  {
    "author": "Friedrich Nietzsche",
    "book": "",
    "quote": "Faith: not wanting to know what the truth is."
  }
]