[
  {
    "author": "George Orwell",
    "book": "1984",
    "quote": "Perhaps one did not want to be loved so much as to be understood."
  },
  {
    "author": "George Orwell",
    "book": "1984",
    "quote": "Who controls the past controls the future. Who controls the present controls the past."
  },
  {
    "author": "George Orwell",
    "book": "",
    "quote": "In a time of deceit telling the truth is a revolutionary act."
  },
  {
    "author": "George Orwell",
    "book": "Animal Farm",
    "quote": "All animals are equal, but some animals are more equal than others."
  },
  {
    "author": "George Orwell",
    "book": "1984",
    "quote": "War is peace. Freedom is slavery. Ignorance is strength."
  },
  {
    "author": "George Orwell",
    "book": "1984",
    "quote": "The best books... are those that tell you what you know already."
  },
  {
    "author": "George Orwell",
    "book": "",
    "quote": "Every generation imagines itself to be more intelligent than the one that went before it, and wiser than the one that comes after it."
  },
  {
    "author": "George Orwell",
    "book": "Animal Farm",
    "quote": "The creatures outside looked from pig to man, and from man to pig, and from pig to man again; but already it was impossible to say which was which."
  },
  {
    "author": "George Orwell",
    "book": "1984",
    "quote": "If you want to keep a secret, you must also hide it from yourself."
  },
  {
    "author": "George Orwell",
    "book": "",
    "quote": "The most effective way to destroy people is to deny and obliterate their own understanding of their history."
  },
  {
    "author": "George Orwell",
    "book": "Politics and the English Language",
    "quote": "But if thought corrupts language, language can also corrupt thought."
  },
  {
    "author": "George Orwell",
    "book": "1984",
    "quote": "If you want a picture of the future, imagine a boot stamping on a human face—for ever."
  },
  {
    "author": "George Orwell",
    "book": "1984",
    "quote": "We shall meet in the place where there is no darkness."
  },
  {
    "author": "George Orwell",
    "book": "1984",
    "quote": "It was a bright cold day in April, and the clocks were striking thirteen."
  },
  {
    "author": "George Orwell",
    "book": "1984",
    "quote": "Doublethink means the power of holding two contradictory beliefs in one's mind simultaneously, and accepting both of them."
  },
  {
    "author": "George Orwell",
    "book": "",
    "quote": "If liberty means anything at all, it means the right to tell people what they do not want to hear."
  },
  {
    "author": "George Orwell",
    "book": "",
    "quote": "Political language is designed to make lies sound truthful and murder respectable, and to give an appearance of solidity to pure wind. "
  },
  {
    "author": "George Orwell",
    "book": "1984",
    "quote": "Until they become conscious they will never rebel, and until after they have rebelled they cannot become conscious."
  },
  {
    "author": "George Orwell",
    "book": "1984",
    "quote": "Now I will tell you the answer to my question. It is this. The Party seeks power entirely for its own sake. We are not interested in the good of others; we are interested solely in power, pure power. What pure power means you will understand presently. We are different from the oligarchies of the past in that we know what we are doing. All the others, even those who resembled ourselves, were cowards and hypocrites. The German Nazis and the Russian Communists came very close to us in their methods, but they never had the courage to recognize their own motives. They pretended, perhaps they even believed, that they had seized power unwillingly and for a limited time, and that just around the corner there lay a paradise where human beings would be free and equal. We are not like that. We know that no one ever seizes power with the intention of relinquishing it. Power is not a means; it is an end. One does not establish a dictatorship in order to safeguard a revolution; one makes the revolution in order to establish the dictatorship. The object of persecution is persecution. The object of torture is torture. The object of power is power. Now you begin to understand me."
  },
  {
    "author": "George Orwell",
    "book": "1984",
    "quote": "If you loved someone, you loved him, and when you had nothing else to give, you still gave him love."
  },
  {
    "author": "George Orwell",
    "book": "1984",
    "quote": "Power is in tearing human minds to pieces and putting them together again in new shapes of your own choosing."
  },
  {
    "author": "George Orwell",
    "book": "1984",
    "quote": "In the face of pain there are no heroes."
  },
  {
    "author": "George Orwell",
    "book": "1984",
    "quote": "Perhaps a lunatic was simply a minority of one."
  },
  {
    "author": "George Orwell",
    "book": "1984",
    "quote": "Reality exists in the human mind, and nowhere else."
  },
  {
    "author": "George Orwell",
    "book": "1984",
    "quote": "Being in a minority, even in a minority of one, did not make you mad. There was truth and there was untruth, and if you clung to the truth even against the whole world, you were not mad."
  },
  {
    "author": "George Orwell",
    "book": "1984",
    "quote": "Freedom is the freedom to say that two plus two make four. If that is granted, all else follows."
  },
  {
    "author": "George Orwell",
    "book": "1984",
    "quote": "Big Brother is Watching You."
  },
  {
    "author": "George Orwell",
    "book": "Why I Write",
    "quote": "Writing a book is a horrible, exhausting struggle, like a long bout with some painful illness. One would never undertake such a thing if one were not driven on by some demon whom one can neither resist nor understand."
  },
  {
    "author": "George Orwell",
    "book": "1984",
    "quote": "It's a beautiful thing, the destruction of words."
  },
  {
    "author": "George Orwell",
    "book": "In Front of Your Nose: 1945-1950",
    "quote": "The essence of being human is that one does not seek perfection."
  }
]