[
  {
    "author": "Gustave Flaubert",
    "book": "",
    "quote": "Do not read, as children do, to amuse yourself, or like the ambitious, for the purpose of instruction. No, read in order to live."
  },
  {
    "author": "Gustave Flaubert",
    "book": "",
    "quote": "Do not read as children do to enjoy themselves, or, as the ambitious do to educate themselves. No, read to live."
  },
  {
    "author": "Gustave Flaubert",
    "book": "",
    "quote": "Be steady and well-ordered in your life so that you can be fierce and original in your work."
  },
  {
    "author": "Gustave Flaubert",
    "book": "",
    "quote": "There is not a particle of life which does not bear poetry within it"
  },
  {
    "author": "Gustave Flaubert",
    "book": "Madame Bovary",
    "quote": "Human speech is like a cracked kettle on which we tap crude rhythms for bears to dance to, while we long to make music that will melt the stars."
  },
  {
    "author": "Gustav Flaubert",
    "book": "",
    "quote": "Be regular and orderly in your life, so that you may be violent and original in your work."
  },
  {
    "author": "Gustave Flaubert",
    "book": "",
    "quote": "Travel makes one modest. You see what a tiny place you occupy in the world."
  },
  {
    "author": "Gustave Flaubert",
    "book": "Madame Bovary",
    "quote": "At the bottom of her heart, however, she was waiting for something to happen. Like shipwrecked sailors, she turned despairing eyes upon the solitude of her life, seeking afar off some white sail in the mists of the horizon. She did not know what this chance would be, what wind would bring it her, towards what shore it would drive her, if it would be a shallop or a three-decker, laden with anguish or full of bliss to the portholes. But each morning, as she awoke, she hoped it would come that day; she listened to every sound, sprang up with a start, wondered that it did not come; then at sunset, always more saddened, she longed for the morrow."
  },
  {
    "author": "Gustave Flaubert",
    "book": "Madame Bovary",
    "quote": "She wanted to die, but she also wanted to live in Paris."
  },
  {
    "author": "Gustave Flaubert",
    "book": "November",
    "quote": "Are the days of winter sunshine just as sad for you, too? When it is misty, in the evenings, and I am out walking by myself, it seems to me that the rain is falling through my heart and causing it to crumble into ruins."
  },
  {
    "author": "Gustave Flaubert",
    "book": "",
    "quote": "One can be the master of what one does, but never of what one feels."
  },
  {
    "author": "Gustave Flaubert",
    "book": "Madame Bovary",
    "quote": "Never touch your idols: the gilding will stick to your fingers.\"(Il ne faut pas toucher aux idoles: la dorure en reste aux mains.)"
  },
  {
    "author": "Gustave Flaubert",
    "book": "Memoirs of a Madman",
    "quote": "Doubt … is an illness that comes from knowledge and leads to madness."
  },
  {
    "author": "Gustave Flaubert",
    "book": "Madame Bovary",
    "quote": "What better occupation, really, than to spend the evening at the fireside with a book, with the wind beating on the windows and the lamp burning bright...Haven't you ever happened to come across in a book some vague notion that you've had, some obscure idea that returns from afar and that seems to express completely your most subtle feelings?"
  },
  {
    "author": "Gustave Flaubert",
    "book": "Sentimental Education",
    "quote": "It’s hard to communicate anything exactly and that’s why perfect relationships between people are difficult to find."
  },
  {
    "author": "Gustave Flaubert",
    "book": "",
    "quote": "I am irritated by my own writing. I am like a violinist whose ear is true, but whose fingers refuse to reproduce precisely the sound he hears within."
  },
  {
    "author": "Gustave Flaubert",
    "book": "Madame Bovary",
    "quote": "Love, she thought, must come suddenly, with great outbursts and lightnings,--a hurricane of the skies, which falls upon life, revolutionises it, roots up the will like a leaf, and sweeps the whole heart into the abyss."
  },
  {
    "author": "Gustave Flaubert",
    "book": "Madame Bovary",
    "quote": "An infinity of passion can be contained in one minute, like a crowd in a small space."
  },
  {
    "author": "Oscar Wilde",
    "book": "",
    "quote": "I was working on the proof of one of my poems all the morning, and took out a comma. In the afternoon I put it back again."
  },
  {
    "author": "Gustave Flaubert",
    "book": "",
    "quote": "The art of writing is the art of discovering what you believe."
  },
  {
    "author": "Gustave Flaubert",
    "book": "Madame Bovary",
    "quote": "You forget everything. The hours slip by. You travel in your chair through centuries you seem to see before you, your thoughts are caught up in the story, dallying with the details or following the course of the plot, you enter into characters, so that it seems as if it were your own heart beating beneath their costumes."
  },
  {
    "author": "Gustave Flaubert",
    "book": "",
    "quote": "To be stupid, selfish, and have good health are three requirements for happiness, though if stupidity is lacking, all is lost."
  },
  {
    "author": "Gustave Flaubert",
    "book": "Flaubert in Egypt",
    "quote": "It is always sad to leave a place to which one knows one will never return. Such are the melancolies du voyage: perhaps they are one of the most rewarding things about traveling."
  },
  {
    "author": "Gustave Flaubert",
    "book": "Madame Bovary",
    "quote": "One's duty is to feel what is great, cherish the beautiful, and to not accept the conventions of society with the ignominy that it imposes upon us."
  },
  {
    "author": "Gustave Flaubert",
    "book": "November",
    "quote": "Everyone, either from modesty or egotism, hides away the best and most delicate of his soul’s possessions; to gain the esteem of others, we must only ever show our ugliest sides; this is how we keep ourselves on the common level"
  },
  {
    "author": "Gustave Flaubert",
    "book": "",
    "quote": "The one way of tolerating existence is to lose oneself in literature as in a perpetual orgy."
  },
  {
    "author": "Gustave Flaubert",
    "book": "Flaubert in Egypt",
    "quote": "I go dreaming into the future, where I see nothing, nothing. I have no plans, no idea, no project, and, what is worse, no ambition. Something – the eternal ‘what’s the use?’ – sets its bronze barrier across every avenue that I open up in the realm of hypothesis."
  },
  {
    "author": "Gustave Flaubert",
    "book": "",
    "quote": "There is no truth. There is only perception."
  },
  {
    "author": "Gustave Flaubert",
    "book": "Madame Bovary",
    "quote": "Everything, even herself, was now unbearable to her. She wished that, taking wing like a bird, she could fly somewhere, far away to regions of purity, and there grow young again."
  },
  {
    "author": "Gustave Flaubert",
    "book": "",
    "quote": "You don’t make art out of good intentions."
  }
]