[
  {
    "author": "Isaac Asimov",
    "book": "",
    "quote": "The saddest aspect of life right now is that science gathers knowledge faster than society gathers wisdom."
  },
  {
    "author": "Isaac Asimov",
    "book": "Foundation",
    "quote": "Never let your sense of morals prevent you from doing what is right."
  },
  {
    "author": "Isaac Asimov",
    "book": "",
    "quote": "In life, unlike chess, the game continues after checkmate."
  },
  {
    "author": "Isaac Asimov",
    "book": "",
    "quote": "Anti-intellectualism has been a constant thread winding its way through our political and cultural life, nurtured by the false notion that democracy means that 'my ignorance is just as good as your knowledge.'"
  },
  {
    "author": "Alan Alda",
    "book": "",
    "quote": "Your assumptions are your windows on the world. Scrub them off every once in a while, or the light won't come in."
  },
  {
    "author": "Isaac Asimov",
    "book": "",
    "quote": "There is a cult of ignorance in the United States, and there has always been. The strain of anti-intellectualism has been a constant thread winding its way through our political and cultural life, nurtured by the false notion that democracy means that 'my ignorance is just as good as your knowledge."
  },
  {
    "author": "Isaac Asimov",
    "book": "",
    "quote": "If my doctor told me I had only six minutes to live, I wouldn't brood. I'd type a little faster."
  },
  {
    "author": "Isaac Asimov",
    "book": "",
    "quote": "Life is pleasant. Death is peaceful. It's the transition that's troublesome."
  },
  {
    "author": "Isaac Asimov",
    "book": "Pebble in the Sky",
    "quote": "Any planet is 'Earth' to those that live on it."
  },
  {
    "author": "Isaac Asimov",
    "book": "Foundation",
    "quote": "Violence is the last refuge of the incompetent."
  },
  {
    "author": "Isaac Asimov",
    "book": "",
    "quote": "The most exciting phrase to hear in science, the one that heralds the most discoveries, is not \"Eureka!\" (I found it!) but 'That's funny..."
  },
  {
    "author": "Isaac Asimov",
    "book": "",
    "quote": "Self-education is, I firmly believe, the only kind of education there is."
  },
  {
    "author": "Isaac Asimov",
    "book": "",
    "quote": "Properly read, the Bible is the most potent force for atheism ever conceived."
  },
  {
    "author": "Isaac Asimov",
    "book": "",
    "quote": "I write for the same reason I breathe - because if I didn't, I would die."
  },
  {
    "author": "Isaac Asimov",
    "book": "",
    "quote": "I am an atheist, out and out. It took me a long time to say it. I've been an atheist for years and years, but somehow I felt it was intellectually unrespectable to say one was an atheist, because it assumed knowledge that one didn't have. Somehow, it was better to say one was a humanist or an agnostic. I finally decided that I'm a creature of emotion as well as of reason. Emotionally, I am an atheist. I don't have the evidence to prove that God doesn't exist, but I so strongly suspect he doesn't that I don't want to waste my time."
  },
  {
    "author": "Isaac Asimov",
    "book": "",
    "quote": "Those people who think they know everything are a great annoyance to those of us who do."
  },
  {
    "author": "Isaac Asimov",
    "book": "",
    "quote": "Tell me why the stars do shine,Tell me why the ivy twines,Tell me what makes skies so blue,And I'll tell you why I love you.Nuclear fusion makes stars to shine,Tropisms make the ivy twine,Raleigh scattering make skies so blue,Testicular hormones are why I love you. "
  },
  {
    "author": "Isaac Asimov",
    "book": "",
    "quote": "If knowledge can create problems, it is not through ignorance that we can solve them."
  },
  {
    "author": "Isaac Asimov",
    "book": "I, Robot",
    "quote": "It is the obvious which is so difficult to see most of the time. People say 'It's as plain as the nose on your face.' But how much of the nose on your face can you see, unless someone holds a mirror up to you?"
  },
  {
    "author": "Isaac Asimov",
    "book": "The Roving Mind",
    "quote": "Imagine the people who believe such things and who are not ashamed to ignore, totally, all the patient findings of thinking minds through all the centuries since the Bible was written. And it is these ignorant people, the most uneducated, the most unimaginative, the most unthinking among us, who would make themselves the guides and leaders of us all; who would force their feeble and childish beliefs on us; who would invade our schools and libraries and homes. I personally resent it bitterly."
  },
  {
    "author": "Isaac Asimov",
    "book": "Adding a Dimension: Seventeen Essays on the History of Science",
    "quote": "A number of years ago, when I was a freshly-appointed instructor, I met, for the first time, a certain eminent historian of science. At the time I could only regard him with tolerant condescension.I was sorry of the man who, it seemed to me, was forced to hover about the edges of science. He was compelled to shiver endlessly in the outskirts, getting only feeble warmth from the distant sun of science- in-progress; while I, just beginning my research, was bathed in the heady liquid heat up at the very center of the glow.In a lifetime of being wrong at many a point, I was never more wrong. It was I, not he, who was wandering in the periphery. It was he, not I, who lived in the blaze.I had fallen victim to the fallacy of the 'growing edge;' the belief that only the very frontier of scientific advance counted; that everything that had been left behind by that advance was faded and dead.But is that true? Because a tree in spring buds and comes greenly into leaf, are those leaves therefore the tree? If the newborn twigs and their leaves were all that existed, they would form a vague halo of green suspended in mid-air, but surely that is not the tree. The leaves, by themselves, are no more than trivial fluttering decoration. It is the trunk and limbs that give the tree its grandeur and the leaves themselves their meaning.There is not a discovery in science, however revolutionary, however sparkling with insight, that does not arise out of what went before. 'If I have seen further than other men,' said Isaac Newton, 'it is because I have stood on the shoulders of giants."
  },
  {
    "author": "Isaac  Asimov",
    "book": "",
    "quote": "Creationists make it sound as though a 'theory' is something you dreamt up after being drunk all night."
  },
  {
    "author": "Isaac Asimov",
    "book": "",
    "quote": "Intelligence is an accident of evolution, and not necessarily an advantage."
  },
  {
    "author": "Isaac Asimov",
    "book": "",
    "quote": "To surrender to ignorance and call it God has always been premature, and it remains premature today."
  },
  {
    "author": "Isaac Asimov",
    "book": "",
    "quote": "We now know the basic rules governing the universe, together with the gravitational interrelationships of its gross components, as shown in the theory of relativity worked out between 1905 and 1916. We also know the basic rules governing the subatomic particles and their interrelationships, since these are very neatly described by the quantum theory worked out between 1900 and 1930. What's more, we have found that the galaxies and clusters of galaxies are the basic units of the physical universe, as discovered between 1920 and 1930....The young specialist in English Lit, having quoted me, went on to lecture me severely on the fact that in every century people have thought they understood the universe at last, and in every century they were proved to be wrong. It follows that the one thing we can say about our modern 'knowledge' is that it is wrong...My answer to him was, when people thought the Earth was flat, they were wrong. When people thought the Earth was spherical they were wrong. But if you think that thinking the Earth is spherical is just as wrong as thinking the Earth is flat, then your view is wronger than both of them put together.The basic trouble, you see, is that people think that 'right' and 'wrong' are absolute; that everything that isn't perfectly and completely right is totally and equally wrong.However, I don't think that's so. It seems to me that right and wrong are fuzzy concepts, and I will devote this essay to an explanation of why I think so.When my friend the English literature expert tells me that in every century scientists think they have worked out the universe and are always wrong, what I want to know is how wrong are they? Are they always wrong to the same degree?"
  },
  {
    "author": "Isaac Asimov",
    "book": "I. Asimov: A Memoir",
    "quote": "I received the fundamentals of my education in school, but that was not enough. My real education, the superstructure, the details, the true architecture, I got out of the public library. For an impoverished child whose family could not afford to buy books, the library was the open door to wonder and achievement, and I can never be sufficiently grateful that I had the wit to charge through that door and make the most of it. Now, when I read constantly about the way in which library funds are being cut and cut, I can only think that the door is closing and that American society has found one more way to destroy itself."
  },
  {
    "author": "Isaac Asimov",
    "book": "",
    "quote": "You must keep sending work out; you must never let a manuscript do nothing but eat its head off in a drawer. You send that work out again and again, while you're working on another one. If you have talent, you will receive some measure of success - but only if you persist."
  },
  {
    "author": "Isaac Asimov",
    "book": "Pebble in the Sky",
    "quote": "They won't listen. Do you know why? Because they have certain fixed notions about the past. Any change would be blasphemy in their eyes, even if it were the truth. They don't want the truth; they want their traditions."
  },
  {
    "author": "Isaac Asimov",
    "book": "",
    "quote": "People think of education as something they can finish."
  },
  {
    "author": "Isaac Asimov",
    "book": "",
    "quote": "I prefer rationalism to atheism. The question of God and other objects-of-faith are outside reason and play no part in rationalism, thus you don't have to waste your time in either attacking or defending."
  }
]