[
  {
    "author": "Simone de Beauvoir",
    "book": "",
    "quote": "I am too intelligent, too demanding, and too resourceful for anyone to be able to take charge of me entirely. No one knows me or loves me completely. I have only myself"
  },
  {
    "author": "Simone de Beauvoir",
    "book": "",
    "quote": "I am awfully greedy; I want everything from life. I want to be a woman and to be a man, to have many friends and to have loneliness, to work much and write good books, to travel and enjoy myself, to be selfish and to be unselfish… You see, it is difficult to get all which I want. And then when I do not succeed I get mad with anger."
  },
  {
    "author": "Simone de Beauvoir",
    "book": "The Mandarins",
    "quote": "She was ready to deny the existence of space and time rather than admit that love might not be eternal."
  },
  {
    "author": "Simone de Beauvoir ",
    "book": "La vieillesse",
    "quote": "I am incapable of conceiving infinity, and yet I do not accept finity. I want this adventure that is the context of my life to go on without end."
  },
  {
    "author": "Simone de Beauvoir",
    "book": "",
    "quote": "One's life has value so long as one attributes value to the life of others."
  },
  {
    "author": "Simone de Beauvoir",
    "book": "The Second Sex",
    "quote": "One is not born, but rather becomes, a woman."
  },
  {
    "author": "Simone de Beauvoir",
    "book": "The Woman Destroyed",
    "quote": "When I was a child, when I was an adolescent, books saved me from despair: that convinced me that culture was the highest of values[...]."
  },
  {
    "author": "Simone de Beauvoir",
    "book": "The Second Sex",
    "quote": "...her wings are cut and then she is blamed for not knowing how to fly."
  },
  {
    "author": "Simone de Beauvoir",
    "book": "",
    "quote": "In itself, homosexuality is as limiting as heterosexuality: the ideal should be to be capable of loving a woman or a man; either, a human being, without feeling fear, restraint, or obligation."
  },
  {
    "author": "Simone de Beauvoir",
    "book": "",
    "quote": "That's what I consider true generosity: You give your all, and yet you always feel as if it costs you nothing."
  },
  {
    "author": "Simone de Beauvoir",
    "book": "",
    "quote": "A man attaches himself to woman -- not to enjoy her, but to enjoy himself. "
  },
  {
    "author": "Simone de Beauvoir",
    "book": "The Second Sex",
    "quote": "When she does not find love, she may find poetry. Because she does not act, she observes, she feels, she records; a color, a smile awakens profound echoes within her; her destiny is outside her, scattered in cities already built, on the faces of men already marked by life, she makes contact, she relishes with passion and yet in a manner more detached, more free, than that of a young man. Being poorly integrated in the universe of humanity and hardly able to adapt herself therein, she, like the child, is able to see it objectively; instead of being interested solely in her grasp on things, she looks for their significance; she catches their special outlines, their unexpected metamorphoses. She rarely feels a bold creativeness, and usually she lacks the technique of self-expression; but in her conversation, her letters, her literary essays, her sketches, she manifests an original sensitivity. The young girl throws herself into things with ardor, because she is not yet deprived of her transcendence; and the fact that she accomplishes nothing, that she is nothing, will make her impulses only the more passionate. Empty and unlimited, she seeks from within her nothingness to attain All."
  },
  {
    "author": "Simone de Beauvoir ",
    "book": "The Second Sex",
    "quote": "No one is more arrogant toward women, more aggressive or scornful, than the man who is anxious about his virility."
  },
  {
    "author": "Simone de Beauvoir",
    "book": "",
    "quote": "Man is defined as a human being and a woman as a female — whenever she behaves as a human being she is said to imitate the male."
  },
  {
    "author": "Simone de Beauvoir",
    "book": "The Woman Destroyed",
    "quote": "What an odd thing a diary is: the things you omit are more important than those you put in."
  },
  {
    "author": "Simone de Beauvoir",
    "book": "",
    "quote": "On the day when it will be possible for woman to love not in her weakness but in her strength, not to escape herself but to find herself, not to abase herself but to assert herself--on that day love will become for her, as for man, a source of life and not of mortal danger."
  },
  {
    "author": "Simone de Beauvoir",
    "book": "",
    "quote": "To lose confidence in one’s body is to lose confidence in oneself."
  },
  {
    "author": "Simone de Beauvoir",
    "book": "",
    "quote": "One's life has value so long as one attributes value to the life of others, by means of love, friendship, and compassion"
  },
  {
    "author": "Simone de Beauvoir",
    "book": "The Second Sex",
    "quote": "All oppression creates a state of war. And this is no exception."
  },
  {
    "author": "Simone de Beauvoir",
    "book": "The Second Sex",
    "quote": "Representation of the world, like the world itself, is the work of men; they describe it from their own point of view, which they confuse with absolute truth."
  },
  {
    "author": "Simone de Beauvoir",
    "book": "",
    "quote": "I tore myself away from the safe comfort of certainties through my love for truth - and truth rewarded me."
  },
  {
    "author": "Simone de Beauvoir",
    "book": "The Second Sex",
    "quote": "Few tasks are more like the torture of Sisyphus than housework, with its endless repetition: the clean becomes soiled, the soiled is made clean, over and over, day after day."
  },
  {
    "author": "Simone de Beauvoir",
    "book": "The Second Sex",
    "quote": "The body is not a thing, it is a situation: it is our grasp on the world and our sketch of our project"
  },
  {
    "author": "Simone de Beauvoir",
    "book": "",
    "quote": "I was made for another planet altogether. I mistook the way."
  },
  {
    "author": "Simone de Beauvoir",
    "book": "",
    "quote": "If you live long enough, you'll see that every victory turns into a defeat."
  },
  {
    "author": "Simone de Beauvoir",
    "book": "The Second Sex",
    "quote": "If the feminine issue is so absurd, is because the male's arrogance made it \"a discussion"
  },
  {
    "author": "Simone de Beauvoir",
    "book": "The Ethics of Ambiguity",
    "quote": "Regardless of the staggering dimensions of the world about us, the density of our ignorance, the risks of catastrophes to come, and our individual weakness within the immense collectivity, the fact remains that we are absolutely free today if we choose to will our existence in its finiteness, a finiteness which is open on the infinite. And in fact, any man who has known real loves, real revolts, real desires, and real will knows quite well that he has no need of any outside guarantee to be sure of his goals; their certitude comes from his own drive."
  },
  {
    "author": "Simone de Beauvoir",
    "book": "The Book of Positive Quotations",
    "quote": "Change your life today. Don't gamble on the future, act now, without delay."
  },
  {
    "author": "Simone de Beauvoir",
    "book": "",
    "quote": "I wish that every human life might be pure transparent freedom."
  },
  {
    "author": "Simone de Beauvoir",
    "book": "The Second Sex",
    "quote": "Two separate beings, in different circumstances, face to face in freedom and seeking justification of their existence through one another, will always live an adventure full of risk and promise.\" (p. 248)"
  }
]