[
  {
    "author": "J.R.R. Tolkien",
    "book": "The Fellowship of the Ring",
    "quote": "All that is gold does not glitter,Not all those who wander are lost;The old that is strong does not wither,Deep roots are not reached by the frost.From the ashes a fire shall be woken,A light from the shadows shall spring;Renewed shall be blade that was broken,The crownless again shall be king."
  },
  {
    "author": "J.R.R. Tolkien",
    "book": "The Fellowship of the Ring",
    "quote": "Not all those who wander are lost."
  },
  {
    "author": "J.R.R. Tolkien",
    "book": "The Fellowship of the Ring",
    "quote": "I wish it need not have happened in my time,\" said Frodo.\"So do I,\" said Gandalf, \"and so do all who live to see such times. But that is not for them to decide. All we have to decide is what to do with the time that is given us."
  },
  {
    "author": "J.R.R. Tolkien",
    "book": "The Fellowship of the Ring",
    "quote": "I don't know half of you half as well as I should like; and I like less than half of you half as well as you deserve."
  },
  {
    "author": "J.R.R. Tolkien",
    "book": "The Fellowship of the Ring",
    "quote": "All we have to decide is what to do with the time that is given us."
  },
  {
    "author": "J.R.R. Tolkien",
    "book": "",
    "quote": "If more of us valued food and cheer and song above hoarded gold, it would be a merrier world."
  },
  {
    "author": "J.R.R. Tolkien",
    "book": "",
    "quote": "Never laugh at live dragons."
  },
  {
    "author": "J.R.R. Tolkien",
    "book": "The Fellowship of the Ring",
    "quote": "Faithless is he that says farewell when the road darkens."
  },
  {
    "author": "J.R.R. Tolkien",
    "book": "The Fellowship of the Ring",
    "quote": "The world is indeed full of peril, and in it there are many dark places; but still there is much that is fair, and though in all lands love is now mingled with grief, it grows perhaps the greater."
  },
  {
    "author": "J.R.R. Tolkien",
    "book": "The Fellowship of the Ring",
    "quote": "Deserves it! I daresay he does. Many that live deserve death. And some that die deserve life. Can you give it to them? Then do not be too eager to deal out death in judgement. For even the very wise cannot see all ends."
  },
  {
    "author": "J.R.R. Tolkien",
    "book": "The Lord of the Rings",
    "quote": "It's a dangerous business, Frodo, going out your door. You step onto the road, and if you don't keep your feet, there's no knowing where you might be swept off to."
  },
  {
    "author": "J.R.R. Tolkien",
    "book": "The Return of the King",
    "quote": "I will not say: do not weep; for not all tears are an evil."
  },
  {
    "author": "J.R.R. Tolkien",
    "book": "",
    "quote": "Fantasy is escapist, and that is its glory. If a soldier is imprisioned by the enemy, don't we consider it his duty to escape?. . .If we value the freedom of mind and soul, if we're partisans of liberty, then it's our plain duty to escape, and to take as many people with us as we can!"
  },
  {
    "author": "J.R.R. Tolkien",
    "book": "The Hobbit, or There and Back Again",
    "quote": "Do you wish me a good morning, or mean that it is a good morning whether I want it or not; or that you feel good this morning; or that it is a morning to be good on?"
  },
  {
    "author": "J.R.R. Tolkien",
    "book": "The Two Towers",
    "quote": "War must be, while we defend our lives against a destroyer who would devour all; but I do not love the bright sword for its sharpness, nor the arrow for its swiftness, nor the warrior for his glory. I love only that which they defend."
  },
  {
    "author": "J.R.R. Tolkien",
    "book": "The Fellowship of the Ring",
    "quote": "The Road goes ever on and onDown from the door where it began.Now far ahead the Road has gone,And I must follow, if I can,Pursuing it with eager feet,Until it joins some larger wayWhere many paths and errands meet.And whither then? I cannot say"
  },
  {
    "author": "J.R.R. Tolkien",
    "book": "",
    "quote": "Three Rings for the Elven-kings under the sky, Seven for the Dwarf-lords in their halls of stone,Nine for Mortal Men, doomed to die, One for the Dark Lord on his dark throneIn the Land of Mordor where the Shadows lie. One Ring to rule them all, One Ring to find them, One Ring to bring them all and in the darkness bind them.In the Land of Mordor where the Shadows lie."
  },
  {
    "author": "J.R.R. Tolkien",
    "book": "",
    "quote": "Still round the corner there may wait A new road or a secret gateAnd though I oft have passed them by A day will come at last when IShall take the hidden paths that run West of the Moon, East of the Sun."
  },
  {
    "author": "J.R.R. Tolkien",
    "book": "",
    "quote": "And he took her in his arms and kissed her under the sunlit sky, and he cared not that they stood high upon the walls in the sight of many."
  },
  {
    "author": "J.R.R. Tolkien",
    "book": "The Return of the King",
    "quote": "I am glad you are here with me. Here at the end of all things, Sam."
  },
  {
    "author": "J.R.R. Tolkien",
    "book": "",
    "quote": "Courage is found in unlikely places."
  },
  {
    "author": "J.R.R. Tolkien",
    "book": "The Fellowship of the Ring",
    "quote": "May it be a light to you in dark places, when all other lights go out."
  },
  {
    "author": "J.R.R. Tolkien",
    "book": "The Lord of the Rings",
    "quote": "It's the job that's never started as takes longest to finish."
  },
  {
    "author": "J.R.R. Tolkien",
    "book": "",
    "quote": "I sit beside the fire and think Of all that I have seenOf meadow flowers and butterfliesIn summers that have beenOf yellow leaves and gossamerIn autumns that there wereWith morning mist and silver sunAnd wind upon my hairI sit beside the fire and thinkOf how the world will beWhen winter comes without a spring That I shall ever seeFor still there are so many thingsThat I have never seenIn every wood in every springThere is a different greenI sit beside the fire and thinkOf people long agoAnd people that will see a worldThat I shall never knowBut all the while I sit and thinkOf times there were beforeI listen for returning feet And voices at the door"
  },
  {
    "author": "J.R.R. Tolkien",
    "book": "The Hobbit, or There and Back Again",
    "quote": "There is nothing like looking, if you want to find something. You certainly usually find something, if you look, but it is not always quite the something you were after."
  },
  {
    "author": "J.R.R. Tolkien",
    "book": "The Return of the King",
    "quote": "What do you fear, lady?\" [Aragorn] asked. \"A cage,\" [Éowyn] said. \"To stay behind bars, until use and old age accept them, and all chance of doing great deeds is gone beyond recall or desire."
  },
  {
    "author": "J.R.R. Tolkien",
    "book": "The Lord of the Rings",
    "quote": "Moonlight drowns out all but the brightest stars."
  },
  {
    "author": "J.R.R. Tolkien",
    "book": "The Hobbit, or There and Back Again",
    "quote": "In a hole in the ground there lived a hobbit."
  },
  {
    "author": "Pablo",
    "book": "",
    "quote": "No matter how old you are now. You are never too young or too old for success or going after what you want. Here’s a short list of people who accomplished great things at different ages1) Helen Keller, at the age of 19 months, became deaf and blind. But that didn’t stop her. She was the first deaf and blind person to earn a Bachelor of Arts degree.2) Mozart was already competent on keyboard and violin; he composed from the age of 5.3) Shirley Temple was 6 when she became a movie star on “Bright Eyes."
  },
  {
    "author": "J.R.R. Tolkien",
    "book": "",
    "quote": "Ho! Ho! Ho! To the bottle I goTo heal my heart and drown my woeRain may fall, and wind may blowAnd many miles be still to goBut under a tall tree will I lieAnd let the clouds go sailing by"
  }
]