[
  {
    "author": "Voltaire",
    "book": "",
    "quote": "Let us read, and let us dance; these two amusements will never do any harm to the world."
  },
  {
    "author": "Voltaire",
    "book": "",
    "quote": "Judge a man by his questions rather than by his answers."
  },
  {
    "author": "Voltaire",
    "book": "",
    "quote": "It is forbidden to kill; therefore all murderers are punished unless they kill in large numbers and to the sound of trumpets."
  },
  {
    "author": "Voltaire",
    "book": "",
    "quote": "Life is a shipwreck, but we must not forget to sing in the lifeboats."
  },
  {
    "author": "Voltaire",
    "book": "",
    "quote": "Those who can make you believe absurdities, can make you commit atrocities."
  },
  {
    "author": "Voltaire",
    "book": "",
    "quote": "The more I read, the more I acquire, the more certain I am that I know nothing."
  },
  {
    "author": "Voltaire",
    "book": "A Pocket Philosophical Dictionary",
    "quote": "Common sense is not so common."
  },
  {
    "author": "S.G. Tallentyre",
    "book": "The Friends of Voltaire",
    "quote": "I disapprove of what you say, but I will defend to the death your right to say it."
  },
  {
    "author": "Voltaire",
    "book": "Candide, or, Optimism",
    "quote": "I have wanted to kill myself a hundred times, but somehow I am still in love with life. This ridiculous weakness is perhaps one of our more stupid melancholy propensities, for is there anything more stupid than to be eager to go on carrying a burden which one would gladly throw away, to loathe one’s very being and yet to hold it fast, to fondle the snake that devours us until it has eaten our hearts away?"
  },
  {
    "author": "Voltaire",
    "book": "",
    "quote": "Love truth, but pardon error."
  },
  {
    "author": "Voltaire",
    "book": "",
    "quote": "I have never made but one prayer to God, a very short one: Oh Lord, make my enemies ridiculous. And God granted it.\"(Letter to Étienne Noël Damilaville, May 16, 1767)"
  },
  {
    "author": "Voltaire",
    "book": "",
    "quote": "God is a comedian playing to an audience that is too afraid to laugh."
  },
  {
    "author": "Voltaire",
    "book": "Candide",
    "quote": "Fools have a habit of believing that everything written by a famous author is admirable. For my part I read only to please myself and like only what suits my taste."
  },
  {
    "author": "Voltaire",
    "book": "",
    "quote": "Every man is guilty of all the good he did not do."
  },
  {
    "author": "Voltaire",
    "book": "",
    "quote": "I don’t know where I am going, but I am on my way."
  },
  {
    "author": "Voltaire",
    "book": "",
    "quote": "Dare to think for yourself."
  },
  {
    "author": "Voltaire",
    "book": "",
    "quote": "Now, now my good man, this is no time to be making enemies.\"(Voltaire on his deathbed in response to a priest asking him that he renounce Satan.)"
  },
  {
    "author": "Voltaire",
    "book": "The Age of Louis XIV",
    "quote": "It is dangerous to be right in matters on which the established authorities are wrong."
  },
  {
    "author": "Voltaire",
    "book": "",
    "quote": "Despite the enormous quantity of books, how few people read! And if one reads profitably, one would realize how much stupid stuff the vulgar herd is content to swallow every day."
  },
  {
    "author": "Voltaire",
    "book": "",
    "quote": "The most important decision you make is to be in a good mood."
  },
  {
    "author": "Voltaire",
    "book": "",
    "quote": "Cherish those who seek the truth but beware of those who find it."
  },
  {
    "author": "Voltaire",
    "book": "",
    "quote": "Doubt is an uncomfortable condition, but certainty is a ridiculous one."
  },
  {
    "author": "Voltaire",
    "book": "",
    "quote": "God is a circle whose center is everywhere and circumference nowhere."
  },
  {
    "author": "Voltaire",
    "book": "",
    "quote": "The secret of being a bore is to tell everything."
  },
  {
    "author": "Voltaire",
    "book": "Zadig et autres contes",
    "quote": "It is better to risk saving a guilty person than to condemn an innocent one."
  },
  {
    "author": "Voltaire",
    "book": "Traité sur la tolérance, à l'occasion de la mort de Jean Calas",
    "quote": "Think for yourself and let others enjoy the privilege of doing so too."
  },
  {
    "author": "Voltaire",
    "book": "The Works: Voltaire",
    "quote": "Faith consists in believing what reason cannot."
  },
  {
    "author": "Voltaire",
    "book": "",
    "quote": "Every man is a creature of the age in which he lives and few are able to raise themselves above the ideas of the time."
  },
  {
    "author": "Voltaire",
    "book": "",
    "quote": "Appreciation is a wonderful thing. It makes what is excellent in others belong to us as well."
  },
  {
    "author": "Mortimer J. Adler",
    "book": "How to Read a Book: The Classic Guide to Intelligent Reading",
    "quote": "Reading list (1972 edition)[edit]1. Homer – Iliad, Odyssey2. The Old Testament3. Aeschylus – Tragedies4. Sophocles – Tragedies5. Herodotus – Histories6. Euripides – Tragedies7. Thucydides – History of the Peloponnesian War8. Hippocrates – Medical Writings9. Aristophanes – Comedies10. Plato – Dialogues11. Aristotle – Works12. Epicurus – Letter to Herodotus; Letter to Menoecus13. Euclid – Elements14. Archimedes – Works15. Apollonius of Perga – Conic Sections16. Cicero – Works17. Lucretius – On the Nature of Things18. Virgil – Works19. Horace – Works20. Livy – History of Rome21. Ovid – Works22. Plutarch – Parallel Lives; Moralia23. Tacitus – Histories; Annals; Agricola Germania24. Nicomachus of Gerasa – Introduction to Arithmetic25. Epictetus – Discourses; Encheiridion26. Ptolemy – Almagest27. Lucian – Works28. Marcus Aurelius – Meditations29. Galen – On the Natural Faculties30. The New Testament31. Plotinus – The Enneads32. St. Augustine – On the Teacher; Confessions; City of God; On Christian Doctrine33. The Song of Roland34. The Nibelungenlied35. The Saga of Burnt Njál36. St. Thomas Aquinas – Summa Theologica37. Dante Alighieri – The Divine Comedy;The New Life; On Monarchy38. Geoffrey Chaucer – Troilus and Criseyde; The Canterbury Tales39. Leonardo da Vinci – Notebooks40. Niccolò Machiavelli – The Prince; Discourses on the First Ten Books of Livy41. Desiderius Erasmus – The Praise of Folly42. Nicolaus Copernicus – On the Revolutions of the Heavenly Spheres43. Thomas More – Utopia44. Martin Luther – Table Talk; Three Treatises45. François Rabelais – Gargantua and Pantagruel46. John Calvin – Institutes of the Christian Religion47. Michel de Montaigne – Essays48. William Gilbert – On the Loadstone and Magnetic Bodies49. Miguel de Cervantes – Don Quixote50. Edmund Spenser – Prothalamion; The Faerie Queene51. Francis Bacon – Essays; Advancement of Learning; Novum Organum, New Atlantis52. William Shakespeare – Poetry and Plays53. Galileo Galilei – Starry Messenger; Dialogues Concerning Two New Sciences54. Johannes Kepler – Epitome of Copernican Astronomy; Concerning the Harmonies of the World55. William Harvey – On the Motion of the Heart and Blood in Animals; On the Circulation of the Blood; On the Generation of Animals56. Thomas Hobbes – Leviathan57. René Descartes – Rules for the Direction of the Mind; Discourse on the Method; Geometry; Meditations on First Philosophy58. John Milton – Works59. Molière – Comedies60. Blaise Pascal – The Provincial Letters; Pensees; Scientific Treatises61. Christiaan Huygens – Treatise on Light62. Benedict de Spinoza – Ethics63. John Locke – Letter Concerning Toleration; Of Civil Government; Essay Concerning Human Understanding;Thoughts Concerning Education64. Jean Baptiste Racine – Tragedies65. Isaac Newton – Mathematical Principles of Natural Philosophy; Optics66. Gottfried Wilhelm Leibniz – Discourse on Metaphysics; New Essays Concerning Human Understanding;Monadology67. Daniel Defoe – Robinson Crusoe68. Jonathan Swift – A Tale of a Tub; Journal to Stella; Gulliver's Travels; A Modest Proposal69. William Congreve – The Way of the World70. George Berkeley – Principles of Human Knowledge71. Alexander Pope – Essay on Criticism; Rape of the Lock; Essay on Man72. Charles de Secondat, baron de Montesquieu – Persian Letters; Spirit of Laws73. Voltaire – Letters on the English; Candide; Philosophical Dictionary74. Henry Fielding – Joseph Andrews; Tom Jones75. Samuel Johnson – The Vanity of Human Wishes; Dictionary; Rasselas; The Lives of the Poets"
  }
]