[
  {
    "author": "William Shakespeare",
    "book": "As You Like It",
    "quote": "The fool doth think he is wise, but the wise man knows himself to be a fool."
  },
  {
    "author": "William Shakespeare",
    "book": "All's Well That Ends Well",
    "quote": "Love all, trust a few,Do wrong to none: be able for thine enemyRather in power than use; and keep thy friendUnder thy own life's key: be check'd for silence,But never tax'd for speech."
  },
  {
    "author": "William Shakespeare",
    "book": "A Midsummer Night’s Dream",
    "quote": "Love looks not with the eyes, but with the mind; And therefore is wing'd Cupid painted blind. Nor hath love's mind of any judgment taste; Wings and no eyes figure unheedy haste: And therefore is love said to be a child, Because in choice he is so oft beguil'd."
  },
  {
    "author": "William Shakespeare",
    "book": "Twelfth Night",
    "quote": "Be not afraid of greatness. Some are born great, some achieve greatness, and others have greatness thrust upon them."
  },
  {
    "author": "William Shakespeare",
    "book": "Hamlet",
    "quote": "Doubt thou the stars are fire;Doubt that the sun doth move;Doubt truth to be a liar;But never doubt I love."
  },
  {
    "author": "William Shakespeare",
    "book": "Julius Caesar",
    "quote": "The fault, dear Brutus, is not in our stars, but in ourselves."
  },
  {
    "author": "William Shakespeare",
    "book": "The Tempest",
    "quote": "Hell is empty and all the devils are here."
  },
  {
    "author": "William Shakespear",
    "book": "Hamlet",
    "quote": "There is nothing either good or bad, but thinking makes it so."
  },
  {
    "author": "William Shakespeare",
    "book": "Hamlet",
    "quote": "This above all: to thine own self be true, And it must follow, as the night the day, Thou canst not then be false to any man."
  },
  {
    "author": "William Shakespeare",
    "book": "",
    "quote": "It is not in the stars to hold our destiny but in ourselves."
  },
  {
    "author": "William Shakespeare",
    "book": "Romeo and Juliet",
    "quote": "When he shall die,Take him and cut him out in little stars,And he will make the face of heaven so fineThat all the world will be in love with nightAnd pay no worship to the garish sun."
  },
  {
    "author": "William Shakespeare",
    "book": "Twelfth Night",
    "quote": "If music be the food of love, play on;Give me excess of it, that, surfeiting,The appetite may sicken, and so die.That strain again! it had a dying fall:O, it came o'er my ear like the sweet sound,That breathes upon a bank of violets,Stealing and giving odour! Enough; no more:'Tis not so sweet now as it was before.O spirit of love! how quick and fresh art thou,That, notwithstanding thy capacityReceiveth as the sea, nought enters there,Of what validity and pitch soe'er,But falls into abatement and low price,Even in a minute: so full of shapes is fancyThat it alone is high fantastical."
  },
  {
    "author": "William Shakespeare",
    "book": "",
    "quote": "We know what we are, but not what we may be."
  },
  {
    "author": "William Shakespeare",
    "book": "As You Like It",
    "quote": "All the world's a stage, And all the men and women merely players; They have their exits and their entrances; And one man in his time plays many parts, His acts being seven ages."
  },
  {
    "author": "William Shakespeare",
    "book": "Romeo and Juliet",
    "quote": "These violent delights have violent endsAnd in their triumph die, like fire and powder,Which as they kiss consume. The sweetest honeyIs loathsome in his own deliciousnessAnd in the taste confounds the appetite.Therefore love moderately; long love doth so;Too swift arrives as tardy as too slow."
  },
  {
    "author": "William Shakespeare",
    "book": "The Merchant of Venice",
    "quote": "You speak an infinite deal of nothing."
  },
  {
    "author": "William Shakespeare",
    "book": "The Passionate Pilgrim",
    "quote": "Words are easy, like the wind; faithful friends are hard to find."
  },
  {
    "author": "William Shakespeare",
    "book": "Hamlet",
    "quote": "To be, or not to be: that is the question:Whether 'tis nobler in the mind to sufferThe slings and arrows of outrageous fortune,Or to take arms against a sea of troubles,And by opposing end them? To die: to sleep;No more; and by a sleep to say we endThe heart-ache and the thousand natural shocksThat flesh is heir to, 'tis a consummationDevoutly to be wish'd. To die, to sleep;To sleep: perchance to dream: ay, there's the rub;For in that sleep of death what dreams may comeWhen we have shuffled off this mortal coil,Must give us pause: there's the respectThat makes calamity of so long life;For who would bear the whips and scorns of time,The oppressor's wrong, the proud man's contumely,The pangs of despised love, the law's delay,The insolence of office and the spurnsThat patient merit of the unworthy takes,When he himself might his quietus makeWith a bare bodkin? who would fardels bear,To grunt and sweat under a weary life,But that the dread of something after death,The undiscover'd country from whose bournNo traveller returns, puzzles the willAnd makes us rather bear those ills we haveThan fly to others that we know not of?Thus conscience does make cowards of us all;And thus the native hue of resolutionIs sicklied o'er with the pale cast of thought,And enterprises of great pith and momentWith this regard their currents turn awry,And lose the name of action.--Soft you now!The fair Ophelia! Nymph, in thy orisonsBe all my sins remember'd!"
  },
  {
    "author": "William Shakespeare",
    "book": "A Midsummer Night’s Dream",
    "quote": "Though she be but little, she is fierce!"
  },
  {
    "author": "William Shakespeare",
    "book": "Julius Caesar",
    "quote": "Cowards die many times before their deaths; The valiant never taste of death but once. Of all the wonders that I yet have heard, It seems to me most strange that men should fear; Seeing that death, a necessary end, Will come when it will come."
  },
  {
    "author": "Victor Hugo",
    "book": "William Shakespeare",
    "quote": "Music expresses that which cannot be said and on which it is impossible to be silent."
  },
  {
    "author": "William Shakespeare",
    "book": "The Taming of the Shrew",
    "quote": "My tongue will tell the anger of my heart, or else my heart concealing it will break."
  },
  {
    "author": "William Shakespeare",
    "book": "Romeo and Juliet",
    "quote": "My bounty is as boundless as the sea,My love as deep; the more I give to thee,The more I have, for both are infinite."
  },
  {
    "author": "William Shakespeare",
    "book": "Macbeth",
    "quote": "By the pricking of my thumbs, Something wicked this way comes."
  },
  {
    "author": "William Shakespeare",
    "book": "Macbeth",
    "quote": "To-morrow, and to-morrow, and to-morrow,Creeps in this petty pace from day to day,To the last syllable of recorded time;And all our yesterdays have lighted foolsThe way to dusty death. Out, out, brief candle!Life's but a walking shadow, a poor player,That struts and frets his hour upon the stage,And then is heard no more. It is a taleTold by an idiot, full of sound and fury,Signifying nothing."
  },
  {
    "author": "William Shakespeare",
    "book": "Macbeth",
    "quote": "Stars, hide your fires; Let not light see my black and deep desires."
  },
  {
    "author": "William Shakespeare",
    "book": "",
    "quote": "I like this place and could willingly waste my time in it."
  },
  {
    "author": "William Shakespeare",
    "book": "A Midsummer Night’s Dream",
    "quote": "The course of true love never did run smooth; But, either it was different in blood,O cross! too high to be enthrall’d to low. Or else misgraffed in respect of years, O spite! too old to be engag’d to young. Or else it stood upon the choice of friends,O hell! to choose love by another’s eye."
  },
  {
    "author": "William Shakespeare",
    "book": "A Midsummer Night’s Dream",
    "quote": "Lord, what fools these mortals be!"
  },
  {
    "author": "William Shakespeare",
    "book": "Romeo and Juliet",
    "quote": "Don't waste your love on somebody, who doesn't value it."
  }
]